id,dni,nombre,apellido,telefono,email
1,03002842,Vicenta,Molina,909-164-570,vicenta.molina@example.com
2,34885857,Esperanza,Vargas,914-320-978,esperanza.vargas@example.com
3,53702419,Roberto,Montero,913-624-501,roberto.montero@example.com
4,07076005,Gregorio,Lozano,919-160-983,gregorio.lozano@example.com
5,91957313,Vicenta,Alonso,987-384-910,vicenta.alonso@example.com
6,91687683,Mar,Moya,976-621-889,mar.moya@example.com
7,60435018,Ángel,Gil,931-629-267,angel.gil@example.com
8,37467429,Miguel,Cruz,994-863-627,miguel.cruz@example.com
9,45677859,Mónica,Diez,937-782-527,monica.diez@example.com
10,39434694,Jorge,Márquez,991-562-926,jorge.marquez@example.com
11,17486274,Eugenia,Iglesias,992-969-004,eugenia.iglesias@example.com
12,06310862,Fátima,Rubio,916-407-775,fatima.rubio@example.com
13,74699316,Marta,Delgado,914-170-586,marta.delgado@example.com
14,76547305,Cristóbal,Cabrera,927-650-375,cristobal.cabrera@example.com
15,21351488,Daniel,Martin,979-630-741,daniel.martin@example.com
16,98391150,Salvador,Flores,937-891-009,salvador.flores@example.com
17,08493824,Mario,Navarro,903-554-764,mario.navarro@example.com
18,24006108,Jesus,Medina,995-980-997,jesus.medina@example.com
19,14703569,Álvaro,Velasco,938-608-885,alvaro.velasco@example.com
20,07136993,Montserrat,Moya,916-396-125,montserrat.moya@example.com
21,99948730,Luisa,Delgado,979-931-591,luisa.delgado@example.com
22,76995711,Inés,Pascual,940-491-317,ines.pascual@example.com
23,18385760,María,Ferrer,900-941-473,maria.ferrer@example.com
24,06214329,Pedro,Campos,993-297-224,pedro.campos@example.com
25,71617298,Alexander,Cano,996-569-164,alexander.cano@example.com
26,00269736,Eugenio,Ruiz,929-382-972,eugenio.ruiz@example.com
27,01405843,Patricia,Ramírez,991-075-123,patricia.ramirez@example.com
28,09867686,Consuelo,Sanz,964-238-825,consuelo.sanz@example.com
29,43502110,Carolina,Rubio,955-974-691,carolina.rubio@example.com
30,02540632,Andrés,Marín,910-798-325,andres.marin@example.com
31,75313110,Julián,Alonso,972-743-685,julian.alonso@example.com
32,59177959,Marcos,Aguilar,966-657-165,marcos.aguilar@example.com
33,59149209,Ángel,Morales,979-328-893,angel.morales@example.com
34,64911499,Francisco,Crespo,900-343-933,francisco.crespo@example.com
35,72513213,Mohamed,Mora,924-579-002,mohamed.mora@example.com
36,45996869,Esperanza,Sanz,921-810-505,esperanza.sanz@example.com
37,01029932,Ricardo,Hidalgo,989-096-910,ricardo.hidalgo@example.com
38,76040804,Marta,Vega,982-535-979,marta.vega@example.com
39,78119133,Soledad,Rubio,952-744-836,soledad.rubio@example.com
40,05750796,Vicente,Morales,950-735-537,vicente.morales@example.com
41,35772220,Alejandra,Santana,982-704-352,alejandra.santana@example.com
42,80465097,Lorenzo,Soler,966-992-189,lorenzo.soler@example.com
43,75871884,Sara,Diez,995-294-763,sara.diez@example.com
44,93514931,Alfredo,Giménez,998-236-178,alfredo.gimenez@example.com
45,50510749,Eduardo,Iglesias,936-257-062,eduardo.iglesias@example.com
46,73198730,Daniela,Marín,991-986-910,daniela.marin@example.com
47,40741502,Carmelo,Soto,917-541-234,carmelo.soto@example.com
48,44720127,Martín,Vidal,978-109-879,martin.vidal@example.com
49,43694691,Marc,Pascual,905-427-334,marc.pascual@example.com
50,09954067,Irene,Domínguez,943-155-434,irene.dominguez@example.com
51,68088786,Magdalena,Mora,908-044-107,magdalena.mora@example.com
52,34911496,Valentín,Torres,960-731-330,valentin.torres@example.com
53,88550555,Rosa,Soler,918-426-337,rosa.soler@example.com
54,38774183,Carmelo,Ibáñez,994-090-076,carmelo.ibanez@example.com
55,55598456,Raquel,Esteban,906-458-368,raquel.esteban@example.com
56,81250368,Lucia,López,934-331-647,lucia.lopez@example.com
57,94649673,Carla,Castillo,979-532-093,carla.castillo@example.com
58,50388755,Ismael,Jiménez,904-737-951,ismael.jimenez@example.com
59,17189055,Guillermo,Mora,994-274-155,guillermo.mora@example.com
60,69100446,Inmaculada,Calvo,987-991-149,inmaculada.calvo@example.com
61,40503904,Nicolas,Bravo,938-240-090,nicolas.bravo@example.com
62,52590968,Montserrat,Gómez,984-263-081,montserrat.gomez@example.com
63,67108403,Mercedes,Gutiérrez,973-946-275,mercedes.gutierrez@example.com
64,49948145,Eduardo,Garrido,949-261-824,eduardo.garrido@example.com
65,28811243,Manuela,Torres,916-645-524,manuela.torres@example.com
66,20841459,Pilar,Gutiérrez,922-184-071,pilar.gutierrez@example.com
67,28626549,Margarita,Cano,981-432-117,margarita.cano@example.com
68,16448315,Clara,Vargas,926-679-831,clara.vargas@example.com
69,41919367,Antonio,Rodríguez,910-322-895,antonio.rodriguez@example.com
70,34530889,Diego,Gallego,995-226-804,diego.gallego@example.com
71,13208252,Ángeles,Carrasco,950-988-992,angeles.carrasco@example.com
72,62399991,Andrés,López,905-406-195,andres.lopez@example.com
73,02312562,Vicenta,Fernández,995-766-872,vicenta.fernandez@example.com
74,33166704,Rubén,Carmona,911-214-689,ruben.carmona@example.com
75,49117485,Lourdes,Martínez,922-797-409,lourdes.martinez@example.com
76,95423843,Gonzalo,Nieto,963-958-178,gonzalo.nieto@example.com
77,75503045,Laura,López,967-052-025,laura.lopez@example.com
78,58968154,Pilar,Muñoz,915-493-951,pilar.munoz@example.com
79,82071532,Alfonso,Jiménez,941-604-095,alfonso.jimenez@example.com
80,54356218,Nuria,Vicente,925-467-547,nuria.vicente@example.com
81,68120196,Pablo,Gallardo,965-176-699,pablo.gallardo@example.com
82,93033659,Joan,Iglesias,909-211-666,joan.iglesias@example.com
83,53933664,Joan,Esteban,960-378-274,joan.esteban@example.com
84,74711237,Lorenzo,Cano,993-398-504,lorenzo.cano@example.com
85,42888625,Jonathan,Ortega,963-426-677,jonathan.ortega@example.com
86,28267504,Ramon,Diaz,914-748-028,ramon.diaz@example.com
87,39854652,Montserrat,Morales,935-576-675,montserrat.morales@example.com
88,66668239,Ramon,Gutiérrez,936-518-872,ramon.gutierrez@example.com
89,04938067,María,Giménez,947-554-107,maria.gimenez@example.com
90,73828190,Magdalena,Jiménez,932-929-718,magdalena.jimenez@example.com
91,81464261,Hugo,Suarez,944-355-638,hugo.suarez@example.com
92,16533004,Roberto,Cabrera,939-853-213,roberto.cabrera@example.com
93,83099164,Sofia,Nieto,907-872-371,sofia.nieto@example.com
94,18471476,Carla,Reyes,913-514-266,carla.reyes@example.com
95,45843989,Luz,Sánchez,902-953-460,luz.sanchez@example.com
96,91524692,Julia,Diez,981-912-601,julia.diez@example.com
97,50568855,Nieves,Carrasco,915-727-227,nieves.carrasco@example.com
98,04461426,Verónica,Ramos,931-852-755,veronica.ramos@example.com
99,08338073,Javier,Ramírez,977-852-522,javier.ramirez@example.com
100,52332549,David,Duran,932-722-119,david.duran@example.com
